Workbook

Sheet Inputs
A1: Named_Range | B1: Value | C1: Source
A2: Tomato_Bed_Cap | B2: 20 | C2: Stage 1.1 Table
A3: Carrot_Bed_Cap | B3: 20 | C3: Stage 1.1 Table
A4: Mesclun_Bed_Cap | B4: 30 | C4: Stage 1.1 Table
A5: Tomato_Revenue_Per_Bed | B5: 8800 | C5: Stage 1.1 Table
A6: Carrot_Revenue_Per_Bed | B6: 2094 | C6: Stage 1.1 Table
A7: Mesclun_Revenue_Per_Bed | B7: 2700 | C7: Stage 1.1 Table
A8: Tomato_Field_Hours | B8: 2.5 | C8: Stage 1.1 Table
A9: Carrot_Field_Hours | B9: 0.833 | C9: Stage 1.1 Table
A10: Mesclun_Field_Hours | B10: 1.25 | C10: Stage 1.1 Table
A11: Tomato_Fertilizer_Per_Bed | B11: 880 | C11: Stage 1.1 Table
A12: Carrot_Fertilizer_Per_Bed | B12: 440 | C12: Stage 1.1 Table
A13: Mesclun_Fertilizer_Per_Bed | B13: 880 | C13: Stage 1.1 Table
... A20: Temp_Labor_Rate | B20: 17.36 | C20: Perfect Competition - Decision Analysis Table

Sheet Beds
A1: Named_Range | B1: Value | C1: Source
A2: Tomato_Beds_Planted | B2: 16 | C2: Stage 1.1 hypothesis
A3: Carrot_Beds_Planted | B3: 20 | C3: Stage 1.1 hypothesis
A4: Mesclun_Beds_Planted | B4: 28 | C4: Stage 1.1 hypothesis

Sheet Fertilizer
A1: Named_Range | B1: Value | C1: Formula
A2: Fertilizer_Cost_Tomatoes | B2: =Beds!B2*Inputs!B11 -> 14080 | C2: Tomato_Beds_Planted * Tomato_Fertilizer_Per_Bed
A3: Fertilizer_Cost_Carrots | B3: =Beds!B3*Inputs!B12 -> 8800 | C3: Carrot_Beds_Planted * Carrot_Fertilizer_Per_Bed
A4: Fertilizer_Cost_Mescluns | B4: =Beds!B4*Inputs!B13 -> 24640 | C4: Mesclun_Beds_Planted*Mesclun_Fertilizer_Per_Bed
A5: Total_Fertilizer_Cost | B5: =B2+B3+B4 -> 47520 | C5: Fertilizer_Cost_Tomatoes + Fertilizer_Cost_Carrots + Fertilizer_Cost_Mescluns

Sheet Revenue
A1: Named_Range | B1: Value | C1: Formula
A2: Revenue_Tomatoes | B2: =Beds!B2*Inputs!B5 -> 140800 | C2: Tomato_Beds_Planted * Tomato_Revenue_Per_Bed
A3: Revenue_Carrots | B3: =Beds!B3*Inputs!B6 -> 41880 | C3: Carrot_Beds_Planted * Carrot_Revenue_Per_Bed
A4: Revenue_Mescluns | B4: =Beds!B4*Inputs!B7 -> 75600 | C4: Mesclun_Beds_Planted * Mesclun_Revenue_Per_Bed
A5: Total_Revenue | B5: =B2+B3+B4 -> 258280 | C5: Revenue_Tomatoes + Revenue_Carrots + Revenue Mescluns

Sheet Field_Hours
A1: Named_Range | B1: Value | C1: Formula
A2: Total_Field_Hours_Tomatoes | B2: =Beds!B2*Inputs!B8*Inputs!B17 -> 1440 | C2: Tomato_Beds_Planted * Tomato_Field_Hours * Season_Weeks
A3: Total_Field_Hours_Carrots | B3: =Beds!B3*Inputs!B9*Inputs!B17 -> 599.76 | C3: Carrot_Beds_Planted * Carrot_Field_Hours * Season_Weeks
A4: Total_Field_Hours_Mesclun | B4: =Beds!B4*Inputs!B10*Inputs!B17 -> 1260 | C4: Mesclun_Beds_Planted * Mesclun_Field_Hours*Season_Weekds
A5: Total_Field_Hours_All | B5: =B2+B3+B4 -> 3299.76 | C5: Total_Field_Hours_Tomatoes + Total_Field_Hours_Carrots + Total_Field_Hours_Mesclun

Sheet Checks
A1: Named_Range | B1: Value | C1: Formula
A2: Total_Beds_Planted | B2: =Beds!B2+Beds!B3+Beds!B4 -> 64 | C2: Tomato_Beds_Planted + Carrot_Beds_Planted + Mesclun_Beds_Planted
A3: Beds_Within_64 | B3: =B2<=64 -> TRUE | C3: Total_Beds_Planted <=64
A4: Tomato_Within_Cap | B4: =Beds!B2<=Inputs!B2 -> TRUE | C4: Tomato_Beds_Planted <=Tomato_Bed_Cap
A5: Carrot_Within_Cap | B5: =Beds!B3<=Inputs!B3 -> TRUE | C5: Carrot_Beds_Planted <=Carrot_Bed_Cap
A6: Mesclun_Within_Cap | B6: =Beds!B4<=Inputs!B4 -> TRUE | C6: Mesclun_Beds_Planted<=Mesclun_Bed_Cap

Sheet Labor
A1: Named_Range | B1: Value | C1: Formula
A2: Own_Hours_Used | B2: =MIN(Field_Hours!B5,Inputs!B18) -> 720 | C2: Own hours cover the first 720 of total field hours
A3: Temp_Hours_Used | B3: =Field_Hours!B5-B2 -> 2579.76 | C3: Total field hours minus own hours used
A4: Own_Hours_Within_720 | B4: =B2<=720 -> TRUE | C4: Own_Hours_Used <=720
A5: Temp_Hours_Within_5760 | B5: =B3<=5760 -> TRUE | C5: Temp_Hours_Used<=5760

Sheet Labor_Cost
A1: Named_Range | B1: Value | C1: Formula
A2: Total_Own_Cost | B2: =Labor!B2*Inputs!B19 -> 24998.4 | C2: Own_Hours_Used * Own_Labor_Rate
A3: Total_Temp_Cost | B3: =Labor!B3*Inputs!B20 -> 44784.634 | C3: Temp_Hours_Used * Temp_Labor_Rate

Sheet Marginal_Cost
A1: Named_Range | B1: Value | C1: Formula | G1: Tomato_Added_Hours | H1: Tomato_Added_Labor_Dollars | I1: Tomato_Added_Fertilizer | J1: Carrot_Hours_q1 | M1: Carrot_Added_Hours | N1: Mesclun_Hours_q1 | Q1: Mesclun_Added_Hours | R1: Carrot_Added_Fertilizer | S1: Mesclun_Added_Fertilizer | U1: Tomato_Hours_16 | V1: Carrot_Hours_20 | W1: Mesclun_Hours_28 | X1: Total_Hours_16_20_28 | Y1: Own_Hours_Used_16_20_28 | Z1: Temp_Hours_Used_16_20_28 | AA1: Own_Labor_Dollars_16_20_28 | AB1: Temp_Labor_Dollars_16_20_28
A2: Tomato_Hours_q1 | B2: =1*Inputs!B8*Inputs!B17*(1+Inputs!B14)^1 -> 99 | C2: 1 x tomato hours per week x 36 x (1 +10%)^1 | E2: 1 | F2: =E2*Inputs!$B$8*Inputs!$B$17*(1+Inputs!$B$14)^E2 -> 99 | G2: =F2 -> 99 | H2: =G2*Inputs!$B$19 -> 3437.28 | I2: =Inputs!$B$11 -> 880 | J2: =1*Inputs!B9*Inputs!B17*(1+Inputs!B15)^1 -> 30.7377 | K2: 1 | L2: =K2*Inputs!$B$9*Inputs!$B$17*(1+Inputs!$B$15)^K2 -> 30.7377 | M2: =L2 -> 30.7377 | N2: =1*Inputs!B10*Inputs!B17*(1+Inputs!B16)^1 -> 45.5625 | O2: 1 | P2: =O2*Inputs!$B$10*Inputs!$B$17*(1+Inputs!$B$16)^O2 -> 45.5625 | Q2: =P2 -> 45.5625 | R2: =Inputs!$B$12 -> 440 | S2: =Inputs!$B$13 -> 880 | U2: =F17 -> 6616.7611 | V2: =L21 -> 982.7766 | W2: =P29 -> 1784.1503 | X2: =U2+V2+W2 -> 9383.688 | Y2: =MIN(X2,Inputs!B18) -> 720 | Z2: =X2-Y2 -> 8663.688 | AA2: =Y2*Inputs!B19 -> 24998.4 | AB2: =Z2*Inputs!B20 -> 150401.62
A3: Tomato_Hours_q2 | B3: =2*Inputs!B8*Inputs!B17*(1+Inputs!B14)^2 -> 217.8 | C3: 2 x tomato hours per week x 36 x (1+10%)^2 | E3: 2 | F3: =E3*Inputs!$B$8*Inputs!$B$17*(1+Inputs!$B$14)^E3 -> 217.8 | G3: =F3-F2 -> 118.8 | H3: =G3*Inputs!$B$19 -> 4124.736 | I3: =Inputs!$B$11 -> 880 | K3: 2 | L3: =K3*Inputs!$B$9*Inputs!$B$17*(1+Inputs!$B$15)^K3 -> 63.012285 | M3: =L3-L2 -> 32.274585 | O3: 2 | P3: =O3*Inputs!$B$10*Inputs!$B$17*(1+Inputs!$B$16)^O3 -> 92.264062 | Q3: =P3-P2 -> 46.701562 | R3: =Inputs!$B$12 -> 440 | S3: =Inputs!$B$13 -> 880
A4: Tomato_Hours_q3 | B4: =3*Inputs!B8*Inputs!B17*(1+Inputs!B14)^3 -> 359.37 | C4: 3 x tomato hours per week x 36 x (1+10%)^3 | E4: 3 | F4: =E4*Inputs!$B$8*Inputs!$B$17*(1+Inputs!$B$14)^E4 -> 359.37 | G4: =F4-F3 -> 141.57 | H4: =G4*Inputs!$B$19 -> 4915.3104 | I4: =Inputs!$B$11 -> 880 | K4: 3 | L4: =K4*Inputs!$B$9*Inputs!$B$17*(1+Inputs!$B$15)^K4 -> 96.881388 | M4: =L4-L3 -> 33.869103 | O4: 3 | P4: =O4*Inputs!$B$10*Inputs!$B$17*(1+Inputs!$B$16)^O4 -> 140.12604 | Q4: =P4-P3 -> 47.861982 | R4: =Inputs!$B$12 -> 440 | S4: =Inputs!$B$13 -> 880
A5: Tomato_Hours_q4 | B5: =4*Inputs!B8*Inputs!B17*(1+Inputs!B14)^4 -> 527.076 | C5: 4 x tomato hours per week x 36 x (1+10%)^4 | E5: 4 | F5: =E5*Inputs!$B$8*Inputs!$B$17*(1+Inputs!$B$14)^E5 -> 527.076 | G5: =F5-F4 -> 167.706 | H5: =G5*Inputs!$B$19 -> 5822.7523 | I5: =Inputs!$B$11 -> 880 | K5: 4 | L5: =K5*Inputs!$B$9*Inputs!$B$17*(1+Inputs!$B$15)^K5 -> 132.40456 | M5: =L5-L4 -> 35.523176 | O5: 4 | P5: =O5*Inputs!$B$10*Inputs!$B$17*(1+Inputs!$B$16)^O5 -> 189.17016 | Q5: =P5-P4 -> 49.044116 | R5: =Inputs!$B$12 -> 440 | S5: =Inputs!$B$13 -> 880
A6: Tomato_Hours_q5 | B6: =5*Inputs!B8*Inputs!B17*(1+Inputs!B14)^5 -> 724.7295 | C6: 5 x tomato hours per week x 36 x (1+10%)^5 | E6: 5 | F6: =E6*Inputs!$B$8*Inputs!$B$17*(1+Inputs!$B$14)^E6 -> 724.7295 | G6: =F6-F5 -> 197.6535 | H6: =(720-F5)*Inputs!$B$19+(G6-(720-F5))*Inputs!$B$20 -> 6780.4254 | I6: =Inputs!$B$11 -> 880 | K6: 5 | L6: =K6*Inputs!$B$9*Inputs!$B$17*(1+Inputs!$B$15)^K6 -> 169.64335 | M6: =L6-L5 -> 37.238784 | O6: 5 | P6: =O6*Inputs!$B$10*Inputs!$B$17*(1+Inputs!$B$16)^O6 -> 239.41848 | Q6: =P6-P5 -> 50.248324 | R6: =Inputs!$B$12 -> 440 | S6: =Inputs!$B$13 -> 880
E7: 6 | F7: =E7*Inputs!$B$8*Inputs!$B$17*(1+Inputs!$B$14)^E7 -> 956.64294 | G7: =F7-F6 -> 231.91344 | H7: =G7*Inputs!$B$20 -> 4026.0173 | I7: =Inputs!$B$11 -> 880 | K7: 6 | L7: =K7*Inputs!$B$9*Inputs!$B$17*(1+Inputs!$B$15)^K7 -> 208.66132 | M7: =L7-L6 -> 39.01797 | O7: 6 | P7: =O7*Inputs!$B$10*Inputs!$B$17*(1+Inputs!$B$16)^O7 -> 290.89346 | Q7: =P7-P6 -> 51.474974 | R7: =Inputs!$B$12 -> 440 | S7: =Inputs!$B$13 -> 880
E8: 7 | F8: =E8*Inputs!$B$8*Inputs!$B$17*(1+Inputs!$B$14)^E8 -> 1227.6918 | G8: =F8-F7 -> 271.04883 | H8: =G8*Inputs!$B$20 -> 4705.4077 | I8: =Inputs!$B$11 -> 880 | K8: 7 | L8: =K8*Inputs!$B$9*Inputs!$B$17*(1+Inputs!$B$15)^K8 -> 249.52416 | M8: =L8-L7 -> 40.862841 | O8: 7 | P8: =O8*Inputs!$B$10*Inputs!$B$17*(1+Inputs!$B$16)^O8 -> 343.6179 | Q8: =P8-P7 -> 52.724439 | R8: =Inputs!$B$12 -> 440 | S8: =Inputs!$B$13 -> 880
E9: 8 | F9: =E9*Inputs!$B$8*Inputs!$B$17*(1+Inputs!$B$14)^E9 -> 1543.3839 | G9: =F9-F8 -> 315.69217 | H9: =G9*Inputs!$B$20 -> 5480.4161 | I9: =Inputs!$B$11 -> 880 | K9: 8 | L9: =K9*Inputs!$B$9*Inputs!$B$17*(1+Inputs!$B$15)^K9 -> 292.29973 | M9: =L9-L8 -> 42.77557 | O9: 8 | P9: =O9*Inputs!$B$10*Inputs!$B$17*(1+Inputs!$B$16)^O9 -> 397.615 | Q9: =P9-P8 -> 53.997098 | R9: =Inputs!$B$12 -> 440 | S9: =Inputs!$B$13 -> 880
E10: 9 | F10: =E10*Inputs!$B$8*Inputs!$B$17*(1+Inputs!$B$14)^E10 -> 1909.9376 | G10: =F10-F9 -> 366.55369 | H10: =G10*Inputs!$B$20 -> 6363.372 | I10: =Inputs!$B$11 -> 880 | K10: 9 | L10: =K10*Inputs!$B$9*Inputs!$B$17*(1+Inputs!$B$15)^K10 -> 337.05812 | M10: =L10-L9 -> 44.758396 | O10: 9 | P10: =O10*Inputs!$B$10*Inputs!$B$17*(1+Inputs!$B$16)^O10 -> 452.90833 | Q10: =P10-P9 -> 55.293335 | R10: =Inputs!$B$12 -> 440 | S10: =Inputs!$B$13 -> 880
E11: 10 | F11: =E11*Inputs!$B$8*Inputs!$B$17*(1+Inputs!$B$14)^E11 -> 2334.3682 | G11: =F11-F10 -> 424.43058 | H11: =G11*Inputs!$B$20 -> 7368.1149 | I11: =Inputs!$B$11 -> 880 | K11: 10 | L11: =K11*Inputs!$B$9*Inputs!$B$17*(1+Inputs!$B$15)^K11 -> 383.87175 | M11: =L11-L10 -> 46.813628 | O11: 10 | P11: =O11*Inputs!$B$10*Inputs!$B$17*(1+Inputs!$B$16)^O11 -> 509.52187 | Q11: =P11-P10 -> 56.613541 | R11: =Inputs!$B$12 -> 440 | S11: =Inputs!$B$13 -> 880
E12: 11 | F12: =E12*Inputs!$B$8*Inputs!$B$17*(1+Inputs!$B$14)^E12 -> 2824.5855 | G12: =F12-F11 -> 490.21732 | H12: =G12*Inputs!$B$20 -> 8510.1728 | I12: =Inputs!$B$11 -> 880 | K12: 11 | L12: =K12*Inputs!$B$9*Inputs!$B$17*(1+Inputs!$B$15)^K12 -> 432.8154 | M12: =L12-L11 -> 48.943649 | O12: 11 | P12: =O12*Inputs!$B$10*Inputs!$B$17*(1+Inputs!$B$16)^O12 -> 567.47999 | Q12: =P12-P11 -> 57.958113 | R12: =Inputs!$B$12 -> 440 | S12: =Inputs!$B$13 -> 880
E13: 12 | F13: =E13*Inputs!$B$8*Inputs!$B$17*(1+Inputs!$B$14)^E13 -> 3389.5026 | G13: =F13-F12 -> 564.91711 | H13: =G13*Inputs!$B$20 -> 9806.961 | I13: =Inputs!$B$11 -> 880 | K13: 12 | L13: =K13*Inputs!$B$9*Inputs!$B$17*(1+Inputs!$B$15)^K13 -> 483.96631 | M13: =L13-L12 -> 51.150911 | O13: 12 | P13: =O13*Inputs!$B$10*Inputs!$B$17*(1+Inputs!$B$16)^O13 -> 626.80744 | Q13: =P13-P12 -> 59.327453 | R13: =Inputs!$B$12 -> 440 | S13: =Inputs!$B$13 -> 880
E14: 13 | F14: =E14*Inputs!$B$8*Inputs!$B$17*(1+Inputs!$B$14)^E14 -> 4039.1573 | G14: =F14-F13 -> 649.65467 | H14: =G14*Inputs!$B$20 -> 11278.005 | I14: =Inputs!$B$11 -> 880 | K14: 13 | L14: =K14*Inputs!$B$9*Inputs!$B$17*(1+Inputs!$B$15)^K14 -> 537.40426 | M14: =L14-L13 -> 53.437947 | O14: 13 | P14: =O14*Inputs!$B$10*Inputs!$B$17*(1+Inputs!$B$16)^O14 -> 687.52941 | Q14: =P14-P13 -> 60.721971 | R14: =Inputs!$B$12 -> 440 | S14: =Inputs!$B$13 -> 880
E15: 14 | F15: =E15*Inputs!$B$8*Inputs!$B$17*(1+Inputs!$B$14)^E15 -> 4784.8479 | G15: =F15-F14 -> 745.69058 | H15: =G15*Inputs!$B$20 -> 12945.189 | I15: =Inputs!$B$11 -> 880 | K15: 14 | L15: =K15*Inputs!$B$9*Inputs!$B$17*(1+Inputs!$B$15)^K15 -> 593.21163 | M15: =L15-L14 -> 55.807365 | O15: 14 | P15: =O15*Inputs!$B$10*Inputs!$B$17*(1+Inputs!$B$16)^O15 -> 749.67149 | Q15: =P15-P14 -> 62.142081 | R15: =Inputs!$B$12 -> 440 | S15: =Inputs!$B$13 -> 880
E16: 15 | F16: =E16*Inputs!$B$8*Inputs!$B$17*(1+Inputs!$B$14)^E16 -> 5639.285 | G16: =F16-F15 -> 854.43713 | H16: =G16*Inputs!$B$20 -> 14833.028 | I16: =Inputs!$B$11 -> 880 | K16: 15 | L16: =K16*Inputs!$B$9*Inputs!$B$17*(1+Inputs!$B$15)^K16 -> 651.47348 | M16: =L16-L15 -> 58.261856 | O16: 15 | P16: =O16*Inputs!$B$10*Inputs!$B$17*(1+Inputs!$B$16)^O16 -> 813.2597 | Q16: =P16-P15 -> 63.588207 | R16: =Inputs!$B$12 -> 440 | S16: =Inputs!$B$13 -> 880
E17: 16 | F17: =E17*Inputs!$B$8*Inputs!$B$17*(1+Inputs!$B$14)^E17 -> 6616.7611 | G17: =F17-F16 -> 977.47607 | H17: =G17*Inputs!$B$20 -> 16968.985 | I17: =Inputs!$B$11 -> 880 | K17: 16 | L17: =K17*Inputs!$B$9*Inputs!$B$17*(1+Inputs!$B$15)^K17 -> 712.27767 | M17: =L17-L16 -> 60.804192 | O17: 16 | P17: =O17*Inputs!$B$10*Inputs!$B$17*(1+Inputs!$B$16)^O17 -> 878.32047 | Q17: =P17-P16 -> 65.060776 | R17: =Inputs!$B$12 -> 440 | S17: =Inputs!$B$13 -> 880
E18: 17 | F18: =E18*Inputs!$B$8*Inputs!$B$17*(1+Inputs!$B$14)^E18 -> 7733.3395 | G18: =F18-F17 -> 1116.5784 | H18: =G18*Inputs!$B$20 -> 19383.802 | I18: =Inputs!$B$11 -> 880 | K18: 17 | L18: =K18*Inputs!$B$9*Inputs!$B$17*(1+Inputs!$B$15)^K18 -> 775.7149 | M18: =L18-L17 -> 63.43723 | O18: 17 | P18: =O18*Inputs!$B$10*Inputs!$B$17*(1+Inputs!$B$16)^O18 -> 944.8807 | Q18: =P18-P17 -> 66.560223 | R18: =Inputs!$B$12 -> 440 | S18: =Inputs!$B$13 -> 880
... E21: 20 | F21: =E21*Inputs!$B$8*Inputs!$B$17*(1+Inputs!$B$14)^E21 -> 12109.5 | G21: =F21-F20 -> 1651.2954 | H21: =G21*Inputs!$B$20 -> 28666.489 | I21: =Inputs!$B$11 -> 880 | K21: 20 | L21: =K21*Inputs!$B$9*Inputs!$B$17*(1+Inputs!$B$15)^K21 -> 982.7766 | M21: =L21-L20 -> 71.910483 | O21: 20 | P21: =O21*Inputs!$B$10*Inputs!$B$17*(1+Inputs!$B$16)^O21 -> 1153.8335 | Q21: =P21-P20 -> 71.224291 | R21: =Inputs!$B$12 -> 440 | S21: =Inputs!$B$13 -> 880
O22: 21 | P22: =O22*Inputs!$B$10*Inputs!$B$17*(1+Inputs!$B$16)^O22 -> 1226.6692 | Q22: =P22-P21 -> 72.83574 | R22: =Inputs!$B$12 -> 440 | S22: =Inputs!$B$13 -> 880
O23: 22 | P23: =O23*Inputs!$B$10*Inputs!$B$17*(1+Inputs!$B$16)^O23 -> 1301.1456 | Q23: =P23-P22 -> 74.476347 | R23: =Inputs!$B$12 -> 440 | S23: =Inputs!$B$13 -> 880
O24: 23 | P24: =O24*Inputs!$B$10*Inputs!$B$17*(1+Inputs!$B$16)^O24 -> 1377.2922 | Q24: =P24-P23 -> 76.146589 | R24: =Inputs!$B$12 -> 440 | S24: =Inputs!$B$13 -> 880
O25: 24 | P25: =O25*Inputs!$B$10*Inputs!$B$17*(1+Inputs!$B$16)^O25 -> 1455.1391 | Q25: =P25-P24 -> 77.84695 | R25: =Inputs!$B$12 -> 440 | S25: =Inputs!$B$13 -> 880
O26: 25 | P26: =O26*Inputs!$B$10*Inputs!$B$17*(1+Inputs!$B$16)^O26 -> 1534.7171 | Q26: =P26-P25 -> 79.577921 | R26: =Inputs!$B$12 -> 440 | S26: =Inputs!$B$13 -> 880
O27: 26 | P27: =O27*Inputs!$B$10*Inputs!$B$17*(1+Inputs!$B$16)^O27 -> 1616.0571 | Q27: =P27-P26 -> 81.340004 | R27: =Inputs!$B$12 -> 440 | S27: =Inputs!$B$13 -> 880
O28: 27 | P28: =O28*Inputs!$B$10*Inputs!$B$17*(1+Inputs!$B$16)^O28 -> 1699.1908 | Q28: =P28-P27 -> 83.133705 | R28: =Inputs!$B$12 -> 440 | S28: =Inputs!$B$13 -> 880
O29: 28 | P29: =O29*Inputs!$B$10*Inputs!$B$17*(1+Inputs!$B$16)^O29 -> 1784.1503 | Q29: =P29-P28 -> 84.959538 | R29: =Inputs!$B$12 -> 440 | S29: =Inputs!$B$13 -> 880
O30: 29 | P30: =O30*Inputs!$B$10*Inputs!$B$17*(1+Inputs!$B$16)^O30 -> 1870.9683 | Q30: =P30-P29 -> 86.818028 | R30: =Inputs!$B$12 -> 440 | S30: =Inputs!$B$13 -> 880
O31: 30 | P31: =O31*Inputs!$B$10*Inputs!$B$17*(1+Inputs!$B$16)^O31 -> 1959.678 | Q31: =P31-P30 -> 88.709705 | R31: =Inputs!$B$12 -> 440 | S31: =Inputs!$B$13 -> 880

Sheet Optimization
A1: Tomato_Beds | B1: 10
A2: Carrot_Beds | B2: 20
A3: Mesclun_Beds | B3: 30
A5: Tomato_Hours | B5: =B1*Inputs!B8*Inputs!B17*(1+Inputs!B14)^B1 -> 2334.3682
A6: Carrot_Hours | B6: =B2*Inputs!B9*Inputs!B17*(1+Inputs!B15)^B2 -> 982.7766
A7: Mesclun_Hours | B7: =B3*Inputs!B10*Inputs!B17*(1+Inputs!B16)^B3 -> 1959.678
A8: Total_Hours | B8: =SUM(B5:B7) -> 5276.8228
A9: Total_Beds | B9: =SUM(B1:B3) -> 60
A10: Total_Revenue | B10: =B1*Inputs!B5+B2*Inputs!B6+B3*Inputs!B7 -> 210880
A11: Total_Fertilizer | B11: =B1*Inputs!B11+B2*Inputs!B12+B3*Inputs!B13 -> 44000
A12: Total_Labor_Cost | B12: =MIN(B8,Inputs!B18)*Inputs!B19+MAX(0,B8-Inputs!B18)*Inputs!B20 -> 104104.84
A13: Total_Profit | B13: =B10-B11-B12 -> 62775.155
